model_name,dataset_name,map50,map50_95,precision,recall,f1_score,inference_time,fps,model_size_mb,memory_usage_mb,training_time_hours,convergence_epoch,best_epoch
yolov8n.pt,DeepWeeds,0.00366,0.000967,0.00131,0.109,0.00258,158.5,6.31,5.95,22.94,0.285,20,8
yolov8s.pt,DeepWeeds,0.0125,0.0035,0.0082,0.165,0.0154,245.2,4.08,21.5,45.7,0.52,25,18
yolov11n.pt,DeepWeeds,0.0089,0.0024,0.0045,0.132,0.0087,142.3,7.03,5.2,21.8,0.31,22,15
yolov8n.pt,Weed25,0.0024,0.00065,0.00089,0.085,0.0017,165.8,6.03,6.12,24.1,0.45,30,22
yolov8s.pt,Weed25,0.0087,0.0021,0.0065,0.124,0.012,251.4,3.98,21.8,47.2,0.78,35,28
yolov8n.pt,CWD30,0.0018,0.00045,0.00067,0.072,0.0013,172.1,5.81,6.25,25.3,0.38,28,19
yolov8n.pt,WeedsGalore,0.0156,0.0045,0.0125,0.198,0.0234,148.7,6.73,5.89,22.1,0.22,18,12
